ticket,address
1,0x4ca2a670bd5505b870b21331a53d9bb4ae6e2084
2,0x4ca2a670bd5505b870b21331a53d9bb4ae6e2084
3,0x4ca2a670bd5505b870b21331a53d9bb4ae6e2084
4,0xC57ffA37f995dCBA24f93b427D36c72Eed6CF84a
5,0xC57ffA37f995dCBA24f93b427D36c72Eed6CF84a
6,0xC57ffA37f995dCBA24f93b427D36c72Eed6CF84a
7,0x4399fa85585f90da110d5ba150ff96c763bc0aba
8,0xFD5c1C3d086a9CC0f21beaB6ddE3900C9351FC59
9,0xA775C775fEB740D15dA78d572A1CACcbCcc7A0f6
10,0x9cc56C62EB4f1665540BbcE96F97f458a8FC3282
11,0xFD5c1C3d086a9CC0f21beaB6ddE3900C9351FC59
12,0x89B36315E6f2C102EF06943433Ff394c51E7C0B6
13,0x2f6b67a9e7ca9f025b786e455261efe3c65ff7e8
14,0xC141D2deC3342E2da1B89a616C62cA6D2162F254
15,0xC141D2deC3342E2da1B89a616C62cA6D2162F254
16,0x2ad91063e489cc4009df7fee45c25c8be684cf6a
17,0x2ad91063e489cc4009df7fee45c25c8be684cf6a
18,0x2ad91063e489cc4009df7fee45c25c8be684cf6a
19,0x2ad91063e489cc4009df7fee45c25c8be684cf6a
20,0x2ad91063e489cc4009df7fee45c25c8be684cf6a
21,0x2ad91063e489cc4009df7fee45c25c8be684cf6a
22,0x2ad91063e489cc4009df7fee45c25c8be684cf6a
23,0x2ad91063e489cc4009df7fee45c25c8be684cf6a
24,0x2ad91063e489cc4009df7fee45c25c8be684cf6a
25,0x2ad91063e489cc4009df7fee45c25c8be684cf6a
26,0x9C890bBd1b8F2628969eB24Ac3963D6FB2d0515A
27,0x9C890bBd1b8F2628969eB24Ac3963D6FB2d0515A
28,0x9C890bBd1b8F2628969eB24Ac3963D6FB2d0515A
29,0xf21b24E6D87C7e5dEC3e419551829F6B39dBB807
30,0x4623a39fea4d516f89a7dafa95d30e82672ffc97
31,0x4623a39fea4d516f89a7dafa95d30e82672ffc97
32,0x8c27a0cEe85C51FB9e7BFFE09d7445053D719f2e
33,0x914a7F893c3f7a7C0067Fad1312C1bD630009159
34,0x914a7F893c3f7a7C0067Fad1312C1bD630009160
35,0x914a7F893c3f7a7C0067Fad1312C1bD630009161
36,0x914a7F893c3f7a7C0067Fad1312C1bD630009162
37,0x914a7F893c3f7a7C0067Fad1312C1bD630009163
38,0x914a7F893c3f7a7C0067Fad1312C1bD630009164
39,0x290275e3db66394C52272398959845170E4DCb88
40,0x290275e3db66394C52272398959845170E4DCb89
41,0x290275e3db66394C52272398959845170E4DCb90
42,0x290275e3db66394C52272398959845170E4DCb91
43,0xFE018D616078D66313b37F386F4BdE9805cb213A
44,0xFE018D616078D66313b37F386F4BdE9805cb213A
45,0xFE018D616078D66313b37F386F4BdE9805cb213A
46,0xFE018D616078D66313b37F386F4BdE9805cb213A
47,0x290275e3db66394C52272398959845170E4DCb88
48,0x290275e3db66394C52272398959845170E4DCb88
49,0xab468Aec9bB4b9bc59b2B2A5ce7F0B299293991f
50,0xab468Aec9bB4b9bc59b2B2A5ce7F0B299293991f
51,0xab468Aec9bB4b9bc59b2B2A5ce7F0B299293991f
52,0xab468Aec9bB4b9bc59b2B2A5ce7F0B299293991f
53,0xab468Aec9bB4b9bc59b2B2A5ce7F0B299293991f
54,0xab468Aec9bB4b9bc59b2B2A5ce7F0B299293991f